{"cameraMode":{"drawMode":0,"name":"Shaded","section":"Shading Mode"},"sceneLighting":true,"audioPlay":false,"sceneViewState":{"m_AlwaysRefresh":false,"showFog":true,"showSkybox":true,"showFlares":true,"showImageEffects":true,"showParticleSystems":true,"showVisualEffectGraphs":true,"m_FxEnabled":true},"in2DMode":false,"pivot":{"x":-0.22843368351459504,"y":-0.7968392372131348,"z":1.0708338022232056},"rotation":{"x":0.016290828585624696,"y":0.9704777002334595,"z":-0.23072397708892823,"w":0.0685039535164833},"size":3.426064968109131,"orthographic":false}