{"cameraMode":{"drawMode":0,"name":"Shaded","section":"Shading Mode"},"sceneLighting":true,"audioPlay":false,"sceneViewState":{"m_AlwaysRefresh":false,"showFog":true,"showSkybox":true,"showFlares":true,"showImageEffects":true,"showParticleSystems":true,"showVisualEffectGraphs":true,"m_FxEnabled":true},"in2DMode":false,"pivot":{"x":-3.0385873317718508,"y":0.10615944862365723,"z":2.874915361404419},"rotation":{"x":-0.031668320298194888,"y":0.9683063626289368,"z":-0.17111580073833466,"w":-0.1792335957288742},"size":3.426064968109131,"orthographic":false}